   12.4280005     ,   12.4280005     ,   12.4280005    
   12.6483450     ,   12.4280005     ,   12.5014486    
   12.8996935     ,   12.5014486     ,   12.6010094    
   13.0430851     ,   12.6010094     ,   12.6894245    
   13.1528606     ,   12.6894245     ,   12.7666636    
   13.3428354     ,   12.7666636     ,   12.8489742    
   13.5573072     ,   12.8489742     ,   12.9375162    
   13.6477242     ,   12.9375162     ,   13.0164280    
   13.8613300     ,   13.0164280     ,   13.1009178    
   13.8860760     ,   13.1009178     ,   13.1722956    
   14.0002546     ,   13.1722956     ,   13.2412920    
   14.3342457     ,   13.2412920     ,   13.3253651    
   14.5767899     ,   13.3253651     ,   13.4147530    
   14.6432123     ,   13.4147530     ,   13.4966507    
   14.9289904     ,   13.4966507     ,   13.5861721    
   15.0091906     ,   13.5861721     ,   13.6698790    
   15.0200758     ,   13.6698790     ,   13.7448902    
   15.2043381     ,   13.7448902     ,   13.8217030    
   15.3135595     ,   13.8217030     ,   13.8962955    
   15.4868069     ,   13.8962955     ,   13.9720345    
   15.7928066     ,   13.9720345     ,   14.0547972    
   15.8344059     ,   14.0547972     ,   14.1321716    
   15.9741898     ,   14.1321716     ,   14.2089224    
   16.2198868     ,   14.2089224     ,   14.2893610    
   16.3634510     ,   14.2893610     ,   14.3691339    
   16.6673908     ,   14.3691339     ,   14.4542542    
   16.8988419     ,   14.4542542     ,   14.5415611    
   17.0381966     ,   14.5415611     ,   14.6276522    
   17.1486702     ,   14.6276522     ,   14.7116861    
   17.3756695     ,   14.7116861     ,   14.7976208    
   17.6720371     ,   14.7976208     ,   14.8874464    
   17.9010429     ,   14.8874464     ,   14.9787674    
   18.1037064     ,   14.9787674     ,   15.0706778    
   18.2472172     ,   15.0706778     ,   15.1614361    
   18.4204369     ,   15.1614361     ,   15.2519636    
   18.6951065     ,   15.2519636     ,   15.3450212    
   18.8296280     ,   15.3450212     ,   15.4367218    
   18.8600311     ,   15.4367218     ,   15.5244989    
   19.1860294     ,   15.5244989     ,   15.6160374    
   19.4658623     ,   15.6160374     ,   15.7099352    
   19.7468319     ,   15.7099352     ,   15.8060522    
   20.1237926     ,   15.8060522     ,   15.9064646    
   20.3936405     ,   15.9064646     ,   16.0084457    
   20.6049709     ,   16.0084457     ,   16.1105900    
   20.8056793     ,   16.1105900     ,   16.2126579    
   20.8956928     ,   16.2126579     ,   16.3122978    
   21.0006180     ,   16.3122978     ,   16.4099712    
   21.1899261     ,   16.4099712     ,   16.5075207    
   21.2190952     ,   16.5075207     ,   16.6017513    
   21.4085979     ,   16.6017513     ,   16.6960030    
   21.5562096     ,   16.6960030     ,   16.7894688    
   21.6335468     ,   16.7894688     ,   16.8808670    
   21.8399982     ,   16.8808670     ,   16.9727020    
   22.1401310     ,   16.9727020     ,   17.0666561    
   22.3410873     ,   17.0666561     ,   17.1608429    
   22.4823017     ,   17.1608429     ,   17.2542019    
   22.7195492     ,   17.2542019     ,   17.3484325    
   22.7825432     ,   17.3484325     ,   17.4405365    
   23.0202255     ,   17.4405365     ,   17.5335312    
   23.2146111     ,   17.5335312     ,   17.6266632    
   23.4949741     ,   17.6266632     ,   17.7213135    
   23.6644592     ,   17.7213135     ,   17.8156490    
   23.7545528     ,   17.8156490     ,   17.9084435    
   23.9142094     ,   17.9084435     ,   18.0008392    
   24.1188164     ,   18.0008392     ,   18.0935364    
   24.4160614     ,   18.0935364     ,   18.1879025    
   24.6590004     ,   18.1879025     ,   18.2830658    
   24.9093857     ,   18.2830658     ,   18.3790989    
   25.0568275     ,   18.3790989     ,   18.4744949    
   25.1680069     ,   18.4744949     ,   18.5687695    
   25.4055786     ,   18.5687695     ,   18.6637249    
   25.5130596     ,   18.6637249     ,   18.7575512    
   25.9822483     ,   18.7575512     ,   18.8551826    
   26.0316429     ,   18.8551826     ,   18.9508686    
   26.1981506     ,   18.9508686     ,   19.0462284    
   26.4715309     ,   19.0462284     ,   19.1426601    
   26.7373905     ,   19.1426601     ,   19.2400284    
   27.1235104     ,   19.2400284     ,   19.3398190    
   27.1786385     ,   19.3398190     ,   19.4378033    
   27.3813419     ,   19.4378033     ,   19.5358715    
   27.5651302     ,   19.5358715     ,   19.6337891    
   27.6768646     ,   19.6337891     ,   19.7306938    
   27.8580818     ,   19.7306938     ,   19.8274479    
   28.1590824     ,   19.8274479     ,   19.9254665    
   28.3537827     ,   19.9254665     ,   20.0234699    
   28.6086121     ,   20.0234699     ,   20.1221504    
   28.9285355     ,   20.1221504     ,   20.2222233    
   28.9772720     ,   20.2222233     ,   20.3205948    
   29.2297421     ,   20.3205948     ,   20.4195862    
   29.5125179     ,   20.4195862     ,   20.5195084    
   29.9189224     ,   20.5195084     ,   20.6216755    
   29.9559174     ,   20.6216755     ,   20.7220440    
   30.1530781     ,   20.7220440     ,   20.8223743    
   30.3448009     ,   20.8223743     ,   20.9226112    
   30.7951736     ,   20.9226112     ,   21.0254498    
   31.0255871     ,   21.0254498     ,   21.1285439    
   31.2639351     ,   21.1285439     ,   21.2319660    
   31.2870979     ,   21.2319660     ,   21.3335323    
   31.5427933     ,   21.3335323     ,   21.4356251    
   31.9311485     ,   21.4356251     ,   21.5395412    
   32.1892471     ,   21.5395412     ,   21.6439495    
   32.3967819     ,   21.6439495     ,   21.7483463    
   32.7647896     ,   21.7483463     ,   21.8542728    
   33.0694542     ,   21.8542728     ,   21.9610844    
   33.3464699     ,   21.9610844     ,   22.0684929    
   33.6370964     ,   22.0684929     ,   22.1766109    
   33.9995880     ,   22.1766109     ,   22.2860832    
   34.0877457     ,   22.2860832     ,   22.3943558    
   34.2071114     ,   22.3943558     ,   22.5017452    
   34.6510849     ,   22.5017452     ,   22.6111984    
   34.9351234     ,   22.6111984     ,   22.7212334    
   35.2030640     ,   22.7212334     ,   22.8316917    
   35.6150475     ,   22.8316917     ,   22.9438267    
   35.8791924     ,   22.9438267     ,   23.0563087    
   35.9904480     ,   23.0563087     ,   23.1678104    
   36.4006920     ,   23.1678104     ,   23.2809124    
   36.6477814     ,   23.2809124     ,   23.3941917    
   36.9763641     ,   23.3941917     ,   23.5083275    
   37.1833954     ,   23.5083275     ,   23.6222858    
   37.3826866     ,   23.6222858     ,   23.7360077    
   37.6758881     ,   23.7360077     ,   23.8502693    
   37.9767380     ,   23.8502693     ,   23.9651184    
   38.2735214     ,   23.9651184     ,   24.0805092    
   38.5240479     ,   24.0805092     ,   24.1960583    
   38.7347565     ,   24.1960583     ,   24.3114452    
   39.0650482     ,   24.3114452     ,   24.4276161    
   39.3306618     ,   24.4276161     ,   24.5440464    
   39.7675819     ,   24.5440464     ,   24.6620579    
   39.9613152     ,   24.6620579     ,   24.7797451    
   40.0567131     ,   24.7797451     ,   24.8963623    
   40.5784416     ,   24.8963623     ,   25.0151653    
   40.8354607     ,   25.0151653     ,   25.1341152    
   41.2186279     ,   25.1341152     ,   25.2541485    
   41.5742989     ,   25.2541485     ,   25.3750381    
   41.9537277     ,   25.3750381     ,   25.4969406    
   42.1207886     ,   25.4969406     ,   25.6182823    
   42.2125206     ,   25.6182823     ,   25.7385311    
   42.4771538     ,   25.7385311     ,   25.8589535    
   42.4934692     ,   25.8589535     ,   25.9777718    
   42.6672859     ,   25.9777718     ,   26.0961380    
   43.0315323     ,   26.0961380     ,   26.2154007    
   43.1967278     ,   26.2154007     ,   26.3341503    
   43.5507622     ,   26.3341503     ,   26.4537106    
   43.7722816     ,   26.4537106     ,   26.5731487    
   44.1428909     ,   26.5731487     ,   26.6934891    
   44.1815529     ,   26.6934891     ,   26.8124561    
   44.3475876     ,   26.8124561     ,   26.9309368    
   44.6409607     ,   26.9309368     ,   27.0497952    
   44.7797661     ,   27.0497952     ,   27.1679955    
   45.0300674     ,   27.1679955     ,   27.2862873    
   45.3191605     ,   27.2862873     ,   27.4049244    
   45.4049797     ,   27.4049244     ,   27.5225716    
   45.6661339     ,   27.5225716     ,   27.6403866    
   45.9638901     ,   27.6403866     ,   27.7586021    
   46.2389412     ,   27.7586021     ,   27.8770657    
   46.6014595     ,   27.8770657     ,   27.9963303    
   46.7958069     ,   27.9963303     ,   28.1153145    
   47.0223274     ,   28.1153145     ,   28.2342262    
   47.2770462     ,   28.2342262     ,   28.3532448    
   47.7290764     ,   28.3532448     ,   28.4735909    
   48.2062569     ,   28.4735909     ,   28.5953979    
   48.4692497     ,   28.5953979     ,   28.7173233    
   48.6038208     ,   28.7173233     ,   28.8385830    
   48.7354965     ,   28.8385830     ,   28.9591713    
   49.0595131     ,   28.9591713     ,   29.0802574    
   49.5059929     ,   29.0802574     ,   29.2025681    
   49.7318840     ,   29.2025681     ,   29.3247662    
   50.0095825     ,   29.3247662     ,   29.4471607    
   50.4998703     ,   29.4471607     ,   29.5710011    
   50.8100967     ,   29.5710011     ,   29.6952057    
   51.0412521     ,   29.6952057     ,   29.8193111    
   51.4695320     ,   29.8193111     ,   29.9444561    
   51.8545418     ,   29.9444561     ,   30.0703754    
   52.0386009     ,   30.0703754     ,   30.1959076    
   52.2668686     ,   30.1959076     ,   30.3213100    
   52.6891823     ,   30.3213100     ,   30.4476814    
   53.1216888     ,   30.4476814     ,   30.5750637    
   53.3939362     ,   30.5750637     ,   30.7025433    
   53.8864021     ,   30.7025433     ,   30.8313427    
   54.3033447     ,   30.8313427     ,   30.9610214    
   54.6539116     ,   30.9610214     ,   31.0912018    
   55.0543976     ,   31.0912018     ,   31.2221489    
   55.3368645     ,   31.2221489     ,   31.3532066    
   55.7256966     ,   31.3532066     ,   31.4849491    
   56.0891266     ,   31.4849491     ,   31.6172295    
   56.2832031     ,   31.6172295     ,   31.7491322    
   56.7094193     ,   31.7491322     ,   31.8818989    
   56.8807793     ,   31.8818989     ,   32.0141678    
   57.2002449     ,   32.0141678     ,   32.1467247    
   57.6378555     ,   32.1467247     ,   32.2801857    
   58.0524063     ,   32.2801857     ,   32.4144173    
   58.6827087     ,   32.4144173     ,   32.5505219    
   58.7517128     ,   32.5505219     ,   32.6855812    
   58.8710594     ,   32.6855812     ,   32.8198662    
   59.1823540     ,   32.8198662     ,   32.9543686    
   59.7313385     ,   32.9543686     ,   33.0902939    
   60.1141624     ,   33.0902939     ,   33.2267799    
   60.7280884     ,   33.2267799     ,   33.3649788    
   60.9885902     ,   33.3649788     ,   33.5030975    
   61.2525978     ,   33.5030975     ,   33.6411552    
   61.3742981     ,   33.6411552     ,   33.7784462    
   61.8745575     ,   33.7784462     ,   33.9168510    
   62.4947510     ,   33.9168510     ,   34.0569382    
   63.1709404     ,   34.0569382     ,   34.1989594    
   63.6930313     ,   34.1989594     ,   34.3421326    
   63.9687920     ,   34.3421326     ,   34.4852562    
   64.4200211     ,   34.4852562     ,   34.6291733    
   64.9598465     ,   34.6291733     ,   34.7742958    
   65.5167465     ,   34.7742958     ,   34.9206886    
   65.5669556     ,   34.9206886     ,   35.0659332    
   66.1214981     ,   35.0659332     ,   35.2124214    
   66.4765854     ,   35.2124214     ,   35.3592033    
   66.8854828     ,   35.3592033     ,   35.5065231    
   67.4338608     ,   35.5065231     ,   35.6550217    
   67.6996841     ,   35.6550217     ,   35.8033752    
   67.8951111     ,   35.8033752     ,   35.9512634    
   68.1761322     ,   35.9512634     ,   36.0990829    
   68.8813171     ,   36.0990829     ,   36.2487717    
   69.2979355     ,   36.2487717     ,   36.3989944    
   69.6353302     ,   36.3989944     ,   36.5493851    
   69.9164276     ,   36.5493851     ,   36.6996880    
   70.4632263     ,   36.6996880     ,   36.8510933    
   70.9189911     ,   36.8510933     ,   37.0031815    
   71.2511292     ,   37.0031815     ,   37.1553955    
   71.9159546     ,   37.1553955     ,   37.3092041    
   72.1158752     ,   37.3092041     ,   37.4625359    
   72.3404617     ,   37.4625359     ,   37.6155090    
   72.4123230     ,   37.6155090     ,   37.7674599    
   72.7330627     ,   37.7674599     ,   37.9194832    
   72.9085617     ,   37.9194832     ,   38.0709496    
   73.2360229     ,   38.0709496     ,   38.2225227    
   73.6574783     ,   38.2225227     ,   38.3746033    
   73.8397903     ,   38.3746033     ,   38.5261650    
   74.0773163     ,   38.5261650     ,   38.6774483    
   74.1802902     ,   38.6774483     ,   38.8278847    
   74.2851639     ,   38.8278847     ,   38.9774933    
   74.6950531     ,   38.9774933     ,   39.1275673    
   74.8166656     ,   39.1275673     ,   39.2768936    
   75.1194763     ,   39.2768936     ,   39.4262390    
   75.5113602     ,   39.4262390     ,   39.5759697    
   76.0601654     ,   39.5759697     ,   39.7267303    
   76.6830673     ,   39.7267303     ,   39.8788147    
   77.1746368     ,   39.8788147     ,   40.0316658    
   77.7598038     ,   40.0316658     ,   40.1856575    
   78.3331451     ,   40.1856575     ,   40.3407288    
   78.7812271     ,   40.3407288     ,   40.4963570    
   79.3607178     ,   40.4963570     ,   40.6530685    
   79.5373383     ,   40.6530685     ,   40.8092308    
   80.0411835     ,   40.8092308     ,   40.9661598    
   80.5265884     ,   40.9661598     ,   41.1237717    
   81.0264282     ,   41.1237717     ,   41.2821159    
   81.3080597     ,   41.2821159     ,   41.4403229    
   81.9553909     ,   41.4403229     ,   41.5998306    
   82.3102646     ,   41.5998306     ,   41.7594795    
   82.5960770     ,   41.7594795     ,   41.9189987    
   82.9485855     ,   41.9189987     ,   42.0786476    
   83.3571320     ,   42.0786476     ,   42.2386398    
   83.6884537     ,   42.2386398     ,   42.3986778    
   83.8207474     ,   42.3986778     ,   42.5579948    
   83.7710342     ,   42.5579948     ,   42.7159004    
   84.1990051     ,   42.7159004     ,   42.8742332    
   84.6455612     ,   42.8742332     ,   43.0330582    
   84.8991470     ,   43.0330582     ,   43.1916428    
   85.0161972     ,   43.1916428     ,   43.3494720    
   85.5548630     ,   43.3494720     ,   43.5081406    
   85.7095184     ,   43.5081406     ,   43.6661987    
   86.2207489     ,   43.6661987     ,   43.8249855    
   86.6153946     ,   43.8249855     ,   43.9840584    
   87.4824753     ,   43.9840584     ,   44.1451645    
   87.9241638     ,   44.1451645     ,   44.3067093    
   88.6580200     ,   44.3067093     ,   44.4697647    
   89.2297897     ,   44.4697647     ,   44.6337204    
   89.6414337     ,   44.6337204     ,   44.7979813    
   89.9683456     ,   44.7979813     ,   44.9622383    
   90.6418228     ,   44.9622383     ,   45.1277428    
   91.3027115     ,   45.1277428     ,   45.2944412    
   91.6638412     ,   45.2944412     ,   45.4612389    
   92.1158981     ,   45.4612389     ,   45.6284599    
   92.6137390     ,   45.6284599     ,   45.7962646    
   93.0899506     ,   45.7962646     ,   45.9645691    
   93.4847641     ,   45.9645691     ,   46.1330795    
   93.6575165     ,   46.1330795     ,   46.3010101    
   93.8574677     ,   46.3010101     ,   46.4684639    
   94.5661469     ,   46.4684639     ,   46.6372261    
   95.0822678     ,   46.6372261     ,   46.8066139    
   95.7563095     ,   46.8066139     ,   46.9771690    
   96.3271027     ,   46.9771690     ,   47.1485214    
   96.5291672     ,   47.1485214     ,   47.3193893    
   96.7047577     ,   47.3193893     ,   47.4896851    
   97.2107391     ,   47.4896851     ,   47.6605492    
   97.3563843     ,   47.6605492     ,   47.8307419    
   97.5361404     ,   47.8307419     ,   48.0003853    
   98.3393631     ,   48.0003853     ,   48.1716080    
   98.4776688     ,   48.1716080     ,   48.3421364    
   98.9585495     ,   48.3421364     ,   48.5131378    
   99.6734848     ,   48.5131378     ,   48.6853943    
   99.9852829     ,   48.6853943     ,   48.8575401    
   100.285019     ,   48.8575401     ,   49.0295372    
   100.579414     ,   49.0295372     ,   49.2013702    
   101.012955     ,   49.2013702     ,   49.3735008    
   101.624435     ,   49.3735008     ,   49.5465164    
   101.852921     ,   49.5465164     ,   49.7191467    
   102.673073     ,   49.7191467     ,   49.8933372    
   103.236214     ,   49.8933372     ,   50.0682335    
   103.683563     ,   50.0682335     ,   50.2434464    
   104.477936     ,   50.2434464     ,   50.4201050    
   104.847046     ,   50.4201050     ,   50.5968170    
   105.098465     ,   50.5968170     ,   50.7731972    
   105.395241     ,   50.7731972     ,   50.9493980    
   105.440575     ,   50.9493980     ,   51.1246109    
   106.064743     ,   51.1246109     ,   51.3007011    
   106.531601     ,   51.3007011     ,   51.4771576    
   106.970634     ,   51.4771576     ,   51.6538887    
   107.076492     ,   51.6538887     ,   51.8298340    
   107.510590     ,   51.8298340     ,   52.0060387    
   107.805313     ,   52.0060387     ,   52.1820602    
   108.118416     ,   52.1820602     ,   52.3579597    
   108.358223     ,   52.3579597     ,   52.5335083    
   108.918335     ,   52.5335083     ,   52.7097092    
   109.772942     ,   52.7097092     ,   52.8874779    
   110.513420     ,   52.8874779     ,   53.0664406    
   111.286140     ,   53.0664406     ,   53.2466888    
   112.173073     ,   53.2466888     ,   53.4285622    
   112.684082     ,   53.4285622     ,   53.6108856    
   113.170815     ,   53.6108856     ,   53.7935829    
   113.609604     ,   53.7935829     ,   53.9765053    
   114.407364     ,   53.9765053     ,   54.1607475    
   114.892578     ,   54.1607475     ,   54.3453445    
   114.980537     ,   54.3453445     ,   54.5290871    
   115.382072     ,   54.5290871     ,   54.7129326    
   115.835648     ,   54.7129326     ,   54.8970375    
   116.583931     ,   54.8970375     ,   55.0822830    
   117.383850     ,   55.0822830     ,   55.2688141    
   117.787933     ,   55.2688141     ,   55.4554367    
   118.177757     ,   55.4554367     ,   55.6421089    
   118.563217     ,   55.6421089     ,   55.8288193    
   119.178062     ,   55.8288193     ,   56.0162430    
   119.119667     ,   56.0162430     ,   56.2023888    
   119.961426     ,   56.2023888     ,   56.3899155    
   120.527107     ,   56.3899155     ,   56.5780029    
   120.824249     ,   56.5780029     ,   56.7658577    
   121.255745     ,   56.7658577     ,   56.9538765    
   122.249008     ,   56.9538765     ,   57.1436882    
   122.820488     ,   57.1436882     ,   57.3340569    
   123.234772     ,   57.3340569     ,   57.5245209    
   123.398209     ,   57.5245209     ,   57.7143593    
   124.393906     ,   57.7143593     ,   57.9059677    
   124.800316     ,   57.9059677     ,   58.0976410    
   125.402504     ,   58.0976410     ,   58.2899399    
   125.826324     ,   58.2899399     ,   58.4823494    
   126.532356     ,   58.4823494     ,   58.6756744    
   127.065819     ,   58.6756744     ,   58.8694153    
   127.552132     ,   58.8694153     ,   59.0634346    
   127.813339     ,   59.0634346     ,   59.2570953    
   128.575363     ,   59.2570953     ,   59.4518089    
   128.766998     ,   59.4518089     ,   59.6459694    
   129.420547     ,   59.6459694     ,   59.8408699    
   129.656128     ,   59.8408699     ,   60.0353432    
   130.545898     ,   60.0353432     ,   60.2312050    
   130.831940     ,   60.2312050     ,   60.4267731    
   131.354385     ,   60.4267731     ,   60.6227074    
   132.142517     ,   60.6227074     ,   60.8197327    
   132.680771     ,   60.8197327     ,   61.0171547    
   133.159531     ,   61.0171547     ,   61.2148056    
   133.397598     ,   61.2148056     ,   61.4120255    
   133.689621     ,   61.4120255     ,   61.6089668    
   134.027451     ,   61.6089668     ,   61.8057556    
   134.727554     ,   61.8057556     ,   62.0033760    
   135.236572     ,   62.0033760     ,   62.2013054    
   135.308548     ,   62.2013054     ,   62.3983612    
   135.909775     ,   62.3983612     ,   62.5959740    
   136.374344     ,   62.5959740     ,   62.7937698    
   136.829086     ,   62.7937698     ,   62.9917259    
   137.623657     ,   62.9917259     ,   63.1907425    
   138.291000     ,   63.1907425     ,   63.3904762    
   138.726791     ,   63.3904762     ,   63.5903091    
   139.275620     ,   63.5903091     ,   63.7905350    
   139.280991     ,   63.7905350     ,   63.9897194    
   139.838242     ,   63.9897194     ,   64.1893234    
   140.043518     ,   64.1893234     ,   64.3884125    
   140.448395     ,   64.3884125     ,   64.5875244    
   140.940475     ,   64.5875244     ,   64.7868805    
   141.654861     ,   64.7868805     ,   64.9870605    
   142.298386     ,   64.9870605     ,   65.1878662    
   142.767609     ,   65.1878662     ,   65.3888474    
   143.196701     ,   65.3888474     ,   65.5899048    
   143.566238     ,   65.5899048     ,   65.7908783    
   144.065475     ,   65.7908783     ,   65.9920959    
   144.887833     ,   65.9920959     ,   66.1943893    
   145.383835     ,   66.1943893     ,   66.3969193    
   146.241211     ,   66.3969193     ,   66.6006012    
   146.739029     ,   66.6006012     ,   66.8045120    
   147.213943     ,   66.8045120     ,   67.0085983    
   147.344528     ,   67.0085983     ,   67.2119827    
   148.211716     ,   67.2119827     ,   67.4165268    
   148.311768     ,   67.4165268     ,   67.6202927    
   148.844376     ,   67.6202927     ,   67.8243713    
   149.145691     ,   67.8243713     ,   68.0281830    
   149.814163     ,   68.0281830     ,   68.2326508    
   150.558350     ,   68.2326508     ,   68.4379501    
   150.835068     ,   68.4379501     ,   68.6429214    
   151.277390     ,   68.6429214     ,   68.8479691    
   152.037445     ,   68.8479691     ,   69.0538864    
   152.813522     ,   69.0538864     ,   69.2607040    
   153.073090     ,   69.2607040     ,   69.4671402    
   153.488068     ,   69.4671402     ,   69.6735764    
   154.217422     ,   69.6735764     ,   69.8807907    
   154.300507     ,   69.8807907     ,   70.0871964    
   155.038498     ,   70.0871964     ,   70.2943954    
   155.584686     ,   70.2943954     ,   70.5019150    
   155.778778     ,   70.5019150     ,   70.7089005    
   155.913757     ,   70.7089005     ,   70.9152069    
   156.153732     ,   70.9152069     ,   71.1210938    
   156.832687     ,   71.1210938     ,   71.3276291    
   157.680054     ,   71.3276291     ,   71.5352097    
   157.737930     ,   71.5352097     ,   71.7419281    
   157.931747     ,   71.7419281     ,   71.9481201    
   158.536301     ,   71.9481201     ,   72.1547775    
   159.182404     ,   72.1547775     ,   72.3619843    
   159.809219     ,   72.3619843     ,   72.5696945    
   160.293716     ,   72.5696945     ,   72.7775726    
   160.384583     ,   72.7775726     ,   72.9846802    
   160.853378     ,   72.9846802     ,   73.1919174    
   161.431442     ,   73.1919174     ,   73.3995361    
   162.257523     ,   73.3995361     ,   73.6081238    
   163.036743     ,   73.6081238     ,   73.8175583    
   163.340866     ,   73.8175583     ,   74.0267258    
   164.043106     ,   74.0267258     ,   74.2365570    
   164.287811     ,   74.2365570     ,   74.4459763    
   164.713013     ,   74.4459763     ,   74.6554108    
   165.059036     ,   74.6554108     ,   74.8646774    
   164.932037     ,   74.8646774     ,   75.0726852    
   165.434982     ,   75.0726852     ,   75.2808914    
   166.242798     ,   75.2808914     ,   75.4899979    
   167.069366     ,   75.4899979     ,   75.7000427    
   167.290192     ,   75.7000427     ,   75.9096298    
   167.753220     ,   75.9096298     ,   76.1193161    
   168.478867     ,   76.1193161     ,   76.3297043    
   169.391907     ,   76.3297043     ,   76.5412064    
   169.587601     ,   76.5412064     ,   76.7521973    
   169.972519     ,   76.7521973     ,   76.9631042    
   170.928040     ,   76.9631042     ,   77.1752167    
   171.073853     ,   77.1752167     ,   77.3867035    
   171.297562     ,   77.3867035     ,   77.5977402    
   171.827545     ,   77.5977402     ,   77.8090210    
   172.187881     ,   77.8090210     ,   78.0201569    
   172.433182     ,   78.0201569     ,   78.2309036    
   173.259872     ,   78.2309036     ,   78.4425507    
   173.744385     ,   78.4425507     ,   78.6543350    
   174.078598     ,   78.6543350     ,   78.8659210    
   174.869583     ,   78.8659210     ,   79.0783157    
   175.255035     ,   79.0783157     ,   79.2906265    
   175.678894     ,   79.2906265     ,   79.5029373    
   176.768463     ,   79.5029373     ,   79.7167053    
   177.013290     ,   79.7167053     ,   79.9300766    
   177.731964     ,   79.9300766     ,   80.1440887    
   178.071335     ,   80.1440887     ,   80.3579025    
   178.707077     ,   80.3579025     ,   80.5721741    
   179.273987     ,   80.5721741     ,   80.7867432    
   179.945435     ,   80.7867432     ,   81.0018387    
   180.867981     ,   81.0018387     ,   81.2180023    
   181.470123     ,   81.2180023     ,   81.4345322    
   182.388031     ,   81.4345322     ,   81.6521072    
   182.845413     ,   81.6521072     ,   81.8697281    
   183.562805     ,   81.8697281     ,   82.0879517    
   184.030151     ,   82.0879517     ,   82.3062439    
   184.324814     ,   82.3062439     ,   82.5242310    
   185.179977     ,   82.5242310     ,   82.7431107    
   185.967499     ,   82.7431107     ,   82.9627380    
   186.622543     ,   82.9627380     ,   83.1828232    
   187.226593     ,   83.1828232     ,   83.4032516    
   187.795410     ,   83.4032516     ,   83.6239548    
   188.570862     ,   83.6239548     ,   83.8453598    
   188.612976     ,   83.8453598     ,   84.0659256    
   189.387665     ,   84.0659256     ,   84.2871933    
   189.848068     ,   84.2871933     ,   84.5084915    
   190.499771     ,   84.5084915     ,   84.7302322    
   190.957657     ,   84.7302322     ,   84.9520035    
   191.210632     ,   84.9520035     ,   85.1733780    
   191.969498     ,   85.1733780     ,   85.3954086    
   192.959854     ,   85.3954086     ,   85.6185684    
   193.279007     ,   85.6185684     ,   85.8414688    
   194.469482     ,   85.8414688     ,   86.0659103    
   194.998840     ,   86.0659103     ,   86.2905121    
   195.726944     ,   86.2905121     ,   86.5156937    
   195.880112     ,   86.5156937     ,   86.7402649    
   196.909805     ,   86.7402649     ,   86.9660187    
   197.469589     ,   86.9660187     ,   87.1919937    
   198.398148     ,   87.1919937     ,   87.4189453    
   198.933670     ,   87.4189453     ,   87.6460648    
   199.864746     ,   87.6460648     ,   87.8741531    
   200.349045     ,   87.8741531     ,   88.1022949    
   200.496918     ,   88.1022949     ,   88.3298111    
   200.719238     ,   88.3298111     ,   88.5568619    
   201.076431     ,   88.5568619     ,   88.7837143    
   201.400818     ,   88.7837143     ,   89.0103073    
   202.375076     ,   89.0103073     ,   89.2379456    
   202.833878     ,   89.2379456     ,   89.4655914    
   203.793320     ,   89.4655914     ,   89.6942444    
   204.424469     ,   89.6942444     ,   89.9232483    
   205.675964     ,   89.9232483     ,   90.1538315    
   206.201462     ,   90.1538315     ,   90.3845444    
   207.086838     ,   90.3845444     ,   90.6160965    
   207.004990     ,   90.6160965     ,   90.8465729    
   207.449142     ,   90.8465729     ,   91.0770111    
   207.987976     ,   91.0770111     ,   91.3076019    
   208.942551     ,   91.3076019     ,   91.5391693    
   209.408920     ,   91.5391693     ,   91.7707443    
   209.951385     ,   91.7707443     ,   92.0024719    
   210.432175     ,   92.0024719     ,   92.2342300    
   210.725586     ,   92.2342300     ,   92.4656601    
   211.759705     ,   92.4656601     ,   92.6982040    
   212.740219     ,   92.6982040     ,   92.9317474    
   213.658813     ,   92.9317474     ,   93.1661682    
   214.408752     ,   93.1661682     ,   93.4011307    
   214.757950     ,   93.4011307     ,   93.6358643    
   215.172058     ,   93.6358643     ,   93.8704910    
   215.982315     ,   93.8704910     ,   94.1057739    
   216.525009     ,   94.1057739     ,   94.3411942    
   216.851517     ,   94.3411942     ,   94.5763397    
   217.418793     ,   94.5763397     ,   94.8116684    
   217.699738     ,   94.8116684     ,   95.0466385    
   218.245041     ,   95.0466385     ,   95.2817535    
   218.626343     ,   95.2817535     ,   95.5166931    
   218.674286     ,   95.5166931     ,   95.7508316    
   218.682404     ,   95.7508316     ,   95.9841003    
   219.366074     ,   95.9841003     ,   96.2177811    
   219.593140     ,   96.2177811     ,   96.4510040    
   220.117355     ,   96.4510040     ,   96.6843338    
   220.319870     ,   96.6843338     ,   96.9171677    
   221.647827     ,   96.9171677     ,   97.1516266    
   221.958359     ,   97.1516266     ,   97.3857880    
   222.936951     ,   97.3857880     ,   97.6209030    
   224.072540     ,   97.6209030     ,   97.8572617    
   224.902176     ,   97.8572617     ,   98.0942841    
   225.312546     ,   98.0942841     ,   98.3311920    
   226.760651     ,   98.3311920     ,   98.5699081    
   227.814209     ,   98.5699081     ,   98.8096924    
   229.049881     ,   98.8096924     ,   99.0508804    
   229.533203     ,   99.0508804     ,   99.2920685    
   229.865005     ,   99.2920685     ,   99.5329742    
   230.226456     ,   99.5329742     ,   99.7736588    
   231.301285     ,   99.7736588     ,   100.015434    
   232.558182     ,   100.015434     ,   100.258629    
   232.988571     ,   100.258629     ,   100.501724    
   233.580627     ,   100.501724     ,   100.745010    
   234.991180     ,   100.745010     ,   100.989983    
   235.250900     ,   100.989983     ,   101.234535    
   235.851028     ,   101.234535     ,   101.479294    
   236.701187     ,   101.479294     ,   101.724709    
   236.661545     ,   101.724709     ,   101.969162    
   237.416595     ,   101.969162     ,   102.214096    
   237.995728     ,   102.214096     ,   102.459190    
   238.807434     ,   102.459190     ,   102.704865    
   239.495224     ,   102.704865     ,   102.950890    
   240.023743     ,   102.950890     ,   103.196983    
   241.315170     ,   103.196983     ,   103.444504    
   241.937561     ,   103.444504     ,   103.692253    
   242.252594     ,   103.692253     ,   103.939682    
   242.787567     ,   103.939682     ,   104.187180    
   244.168350     ,   104.187180     ,   104.436256    
   245.453918     ,   104.436256     ,   104.686729    
   246.562973     ,   104.686729     ,   104.938286    
   247.004684     ,   104.938286     ,   105.189728    
   247.429672     ,   105.189728     ,   105.441032    
   248.733170     ,   105.441032     ,   105.693748    
   249.820557     ,   105.693748     ,   105.947495    
   250.725327     ,   105.947495     ,   106.201935    
   251.474625     ,   106.201935     ,   106.456802    
   252.229019     ,   106.456802     ,   106.712097    
   253.214783     ,   106.712097     ,   106.968224    
   253.894684     ,   106.968224     ,   107.224640    
   254.712936     ,   107.224640     ,   107.481590    
   255.654327     ,   107.481590     ,   107.739281    
   256.409790     ,   107.739281     ,   107.997391    
   256.920959     ,   107.997391     ,   108.255493    
   257.673645     ,   108.255493     ,   108.514000    
   258.872650     ,   108.514000     ,   108.773689    
   260.053802     ,   108.773689     ,   109.034515    
   260.610229     ,   109.034515     ,   109.295403    
   261.436798     ,   109.295403     ,   109.556816    
   261.663300     ,   109.556816     ,   109.817719    
   262.306610     ,   109.817719     ,   110.078827    
   263.470703     ,   110.078827     ,   110.341034    
   264.359680     ,   110.341034     ,   110.603867    
   265.120758     ,   110.603867     ,   110.867096    
   266.028503     ,   110.867096     ,   111.130974    
   266.489563     ,   111.130974     ,   111.394737    
   267.335114     ,   111.394737     ,   111.659042    
   268.455872     ,   111.659042     ,   111.924347    
   269.169952     ,   111.924347     ,   112.189964    
   269.896088     ,   112.189964     ,   112.455910    
   270.307007     ,   112.455910     ,   112.721649    
   271.707550     ,   112.721649     ,   112.988853    
   273.110260     ,   112.988853     ,   113.257515    
   273.945923     ,   113.257515     ,   113.526672    
   274.723175     ,   113.526672     ,   113.796234    
   275.527832     ,   113.796234     ,   114.066238    
   275.741669     ,   114.066238     ,   114.335701    
   276.041321     ,   114.335701     ,   114.604759    
   277.193573     ,   114.604759     ,   114.874840    
   278.259918     ,   114.874840     ,   115.145790    
   279.204285     ,   115.145790     ,   115.417412    
   279.976227     ,   115.417412     ,   115.689407    
   280.322144     ,   115.689407     ,   115.961075    
   280.764709     ,   115.961075     ,   116.232582    
   281.452881     ,   116.232582     ,   116.504326    
   281.630310     ,   116.504326     ,   116.775467    
   282.312347     ,   116.775467     ,   117.046837    
   282.755035     ,   117.046837     ,   117.318047    
   283.764038     ,   117.318047     ,   117.590019    
   284.682495     ,   117.590019     ,   117.862602    
   285.731598     ,   117.862602     ,   118.136002    
   286.374969     ,   118.136002     ,   118.409561    
   287.156494     ,   118.409561     ,   118.683502    
   288.041718     ,   118.683502     ,   118.957993    
   288.409607     ,   118.957993     ,   119.232185    
   289.156677     ,   119.232185     ,   119.506699    
   290.248871     ,   119.506699     ,   119.782089    
   290.269897     ,   119.782089     ,   120.056625    
   291.615417     ,   120.056625     ,   120.332443    
   292.712708     ,   120.332443     ,   120.609138    
   293.927765     ,   120.609138     ,   120.886894    
   294.194183     ,   120.886894     ,   121.164185    
   295.673096     ,   121.164185     ,   121.442955    
   296.700287     ,   121.442955     ,   121.722473    
   297.562469     ,   121.722473     ,   122.002472    
   298.128479     ,   122.002472     ,   122.282478    
   299.365326     ,   122.282478     ,   122.563560    
   300.237457     ,   122.563560     ,   122.845139    
   301.218079     ,   122.845139     ,   123.127373    
   302.680969     ,   123.127373     ,   123.411026    
   303.035431     ,   123.411026     ,   123.694344    
   303.833435     ,   123.694344     ,   123.978027    
   304.972961     ,   123.978027     ,   124.262611    
   305.158356     ,   124.262611     ,   124.546593    
   306.027802     ,   124.546593     ,   124.831047    
   307.146851     ,   124.831047     ,   125.116364    
   307.314850     ,   125.116364     ,   125.401047    
   308.093964     ,   125.401047     ,   125.686058    
   308.662384     ,   125.686058     ,   125.971069    
   309.302368     ,   125.971069     ,   126.256187    
   310.027649     ,   126.256187     ,   126.541550    
   310.791321     ,   126.541550     ,   126.827209    
   311.589661     ,   126.827209     ,   127.113220    
   312.957794     ,   127.113220     ,   127.400459    
   313.629333     ,   127.400459     ,   127.687851    
   314.624878     ,   127.687851     ,   127.975891    
   315.187714     ,   127.975891     ,   128.263916    
   315.433838     ,   128.263916     ,   128.551422    
   316.434448     ,   128.551422     ,   128.839584    
   317.902649     ,   128.839584     ,   129.129120    
   318.606750     ,   129.129120     ,   129.418839    
   319.258820     ,   129.418839     ,   129.708664    
   319.605194     ,   129.708664     ,   129.998138    
   320.825714     ,   129.998138     ,   130.288589    
   322.153839     ,   130.288589     ,   130.580185    
   322.741455     ,   130.580185     ,   130.871780    
   323.626404     ,   130.871780     ,   131.163834    
   323.950104     ,   131.163834     ,   131.455490    
   325.473694     ,   131.455490     ,   131.748566    
   326.439453     ,   131.748566     ,   132.042221    
   327.153320     ,   132.042221     ,   132.336060    
   327.617340     ,   132.336060     ,   132.629715    
   328.817657     ,   132.629715     ,   132.924286    
   329.180481     ,   132.924286     ,   133.218521    
   330.135071     ,   133.218521     ,   133.513306    
   330.249603     ,   133.513306     ,   133.807388    
   330.730804     ,   133.807388     ,   134.101303    
   331.906921     ,   134.101303     ,   134.396103    
   333.300262     ,   134.396103     ,   134.692093    
   334.129852     ,   134.692093     ,   134.988434    
   334.664520     ,   134.988434     ,   135.284683    
   335.821106     ,   135.284683     ,   135.581772    
   336.360016     ,   135.581772     ,   135.878784    
   337.383026     ,   135.878784     ,   136.176422    
   338.264923     ,   136.176422     ,   136.474487    
   338.505157     ,   136.474487     ,   136.772034    
   338.718353     ,   136.772034     ,   137.069016    
   339.565308     ,   137.069016     ,   137.366364    
   340.510437     ,   137.366364     ,   137.664230    
   341.005066     ,   137.664230     ,   137.961945    
   341.485077     ,   137.961945     ,   138.259491    
   342.682709     ,   138.259491     ,   138.557922    
   344.059387     ,   138.557922     ,   138.857483    
   345.168701     ,   138.857483     ,   139.157791    
   346.769165     ,   139.157791     ,   139.459549    
   347.687256     ,   139.459549     ,   139.761765    
   349.090485     ,   139.761765     ,   140.065140    
   349.686798     ,   140.065140     ,   140.368500    
   350.009705     ,   140.368500     ,   140.671448    
   350.912964     ,   140.671448     ,   140.974823    
   351.344666     ,   140.974823     ,   141.277954    
   352.229065     ,   141.277954     ,   141.581482    
   352.743225     ,   141.581482     ,   141.884872    
   352.887146     ,   141.884872     ,   142.187607    
   353.214508     ,   142.187607     ,   142.489944    
   354.521301     ,   142.489944     ,   142.793274    
   356.174225     ,   142.793274     ,   143.098099    
   357.123932     ,   143.098099     ,   143.403412    
   358.251251     ,   143.403412     ,   143.709457    
   359.490082     ,   143.709457     ,   144.016403    
   360.711884     ,   144.016403     ,   144.324203    
   361.609467     ,   144.324203     ,   144.632416    
   362.482758     ,   144.632416     ,   144.940979    
   362.519867     ,   144.940979     ,   145.248734    
   363.449097     ,   145.248734     ,   145.556931    
   363.941315     ,   145.556931     ,   145.864944    
   365.156097     ,   145.864944     ,   146.173798    
   365.779907     ,   146.173798     ,   146.482666    
   367.264282     ,   146.482666     ,   146.792755    
   368.380219     ,   146.792755     ,   147.103531    
   368.993073     ,   147.103531     ,   147.414307    
   370.117371     ,   147.414307     ,   147.725784    
   371.699677     ,   147.725784     ,   148.038589    
   373.185699     ,   148.038589     ,   148.352600    
   373.921600     ,   148.352600     ,   148.666763    
   374.166687     ,   148.666763     ,   148.980392    
   375.419067     ,   148.980392     ,   149.294891    
   376.374084     ,   149.294891     ,   149.609848    
   377.140808     ,   149.609848     ,   149.924988    
   378.044342     ,   149.924988     ,   150.240509    
   379.122894     ,   150.240509     ,   150.556641    
   380.086700     ,   150.556641     ,   150.873230    
   381.813721     ,   150.873230     ,   151.191330    
   382.126526     ,   151.191330     ,   151.508987    
   383.184174     ,   151.508987     ,   151.827225    
   384.867767     ,   151.827225     ,   152.146896    
   385.612152     ,   152.146896     ,   152.466705    
   386.815948     ,   152.466705     ,   152.787292    
   388.042725     ,   152.787292     ,   153.108673    
   388.552673     ,   153.108673     ,   153.429886    
   388.983429     ,   153.429886     ,   153.750809    
   389.021820     ,   153.750809     ,   154.070908    
   390.482239     ,   154.070908     ,   154.392120    
   391.359436     ,   154.392120     ,   154.713654    
   392.081055     ,   154.713654     ,   155.035294    
   392.855804     ,   155.035294     ,   155.357101    
   394.407257     ,   155.357101     ,   155.680145    
   394.382690     ,   155.680145     ,   156.002274    
   394.830658     ,   156.002274     ,   156.324142    
   395.936798     ,   156.324142     ,   156.646637    
   397.503845     ,   156.646637     ,   156.970367    
   398.388031     ,   156.970367     ,   157.294418    
   399.752014     ,   157.294418     ,   157.619431    
   401.423920     ,   157.619431     ,   157.945816    
   401.762817     ,   157.945816     ,   158.271774    
   402.396942     ,   158.271774     ,   158.597702    
   403.246796     ,   158.597702     ,   158.923904    
   404.823914     ,   158.923904     ,   159.251328    
   404.593475     ,   159.251328     ,   159.577576    
   405.549347     ,   159.577576     ,   159.904236    
   405.964539     ,   159.904236     ,   160.230576    
   406.528259     ,   160.230576     ,   160.556793    
   407.890259     ,   160.556793     ,   160.883957    
   408.939453     ,   160.883957     ,   161.211639    
   409.212799     ,   161.211639     ,   161.538818    
   409.638367     ,   161.538818     ,   161.865692    
   410.291412     ,   161.865692     ,   162.192566    
   411.342590     ,   162.192566     ,   162.519958    
   412.489075     ,   162.519958     ,   162.848007    
   413.620514     ,   162.848007     ,   163.176666    
   415.174530     ,   163.176666     ,   163.506500    
   416.506866     ,   163.506500     ,   163.837219    
   417.130981     ,   163.837219     ,   164.167892    
   418.661530     ,   164.167892     ,   164.499695    
   419.867737     ,   164.499695     ,   164.832199    
   421.297668     ,   164.832199     ,   165.165710    
   423.096100     ,   165.165710     ,   165.500687    
   424.646881     ,   165.500687     ,   165.836807    
   425.047638     ,   165.836807     ,   166.172577    
   426.172607     ,   166.172577     ,   166.508926    
   427.789185     ,   166.508926     ,   166.846497    
   427.881165     ,   166.846497     ,   167.183319    
   429.931000     ,   167.183319     ,   167.521912    
   430.145538     ,   167.521912     ,   167.859909    
   430.188934     ,   167.859909     ,   168.197098    
   431.068237     ,   168.197098     ,   168.534546    
   432.002869     ,   168.534546     ,   168.872330    
   432.952820     ,   168.872330     ,   169.210464    
   433.935394     ,   169.210464     ,   169.548981    
   434.755859     ,   169.548981     ,   169.887680    
   436.383667     ,   169.887680     ,   170.227600    
   437.306519     ,   170.227600     ,   170.567825    
   438.294495     ,   170.567825     ,   170.908447    
   439.382935     ,   170.908447     ,   171.249588    
   440.185394     ,   171.249588     ,   171.590881    
   441.878754     ,   171.590881     ,   171.933456    
   442.618896     ,   171.933456     ,   172.276093    
   443.636047     ,   172.276093     ,   172.619156    
   443.933655     ,   172.619156     ,   172.961731    
   445.463226     ,   172.961731     ,   173.305359    
   445.985260     ,   173.305359     ,   173.648788    
   447.918427     ,   173.648788     ,   173.993774    
   448.092590     ,   173.993774     ,   174.338120    
   449.287994     ,   174.338120     ,   174.683105    
   450.787354     ,   174.683105     ,   175.029099    
   452.097717     ,   175.029099     ,   175.375870    
   453.604614     ,   175.375870     ,   175.723663    
   454.653381     ,   175.723663     ,   176.071884    
   456.124237     ,   176.071884     ,   176.421082    
   457.372925     ,   176.421082     ,   176.770966    
   458.196136     ,   176.770966     ,   177.121002    
   459.098450     ,   177.121002     ,   177.471283    
   460.799347     ,   177.471283     ,   177.822800    
   462.224213     ,   177.822800     ,   178.175217    
   464.294952     ,   178.175217     ,   178.529327    
   465.862335     ,   178.529327     ,   178.884491    
   466.660156     ,   178.884491     ,   179.239777    
   468.489075     ,   179.239777     ,   179.596436    
   469.485992     ,   179.596436     ,   179.953445    
   470.318665     ,   179.953445     ,   180.310593    
   471.021606     ,   180.310593     ,   180.667725    
   472.292572     ,   180.667725     ,   181.025543    
   474.110077     ,   181.025543     ,   181.384720    
   475.384003     ,   181.384720     ,   181.744568    
   477.048126     ,   181.744568     ,   182.105576    
   477.754456     ,   182.105576     ,   182.466568    
   478.897797     ,   182.466568     ,   182.828064    
   480.513702     ,   182.828064     ,   183.190659    
   480.704529     ,   183.190659     ,   183.552597    
   481.353088     ,   183.552597     ,   183.914444    
   482.239441     ,   183.914444     ,   184.276489    
   483.821503     ,   184.276489     ,   184.639572    
   485.294128     ,   184.639572     ,   185.003555    
   486.186157     ,   185.003555     ,   185.367737    
   487.791260     ,   185.367737     ,   185.732986    
   488.966064     ,   185.732986     ,   186.098770    
   490.918365     ,   186.098770     ,   186.466019    
   492.031799     ,   186.466019     ,   186.833725    
   493.630005     ,   186.833725     ,   187.202469    
   494.010559     ,   187.202469     ,   187.570786    
   494.260193     ,   187.570786     ,   187.938522    
   494.715088     ,   187.938522     ,   188.305923    
   495.685364     ,   188.305923     ,   188.673599    
   496.402954     ,   188.673599     ,   189.041260    
   497.591675     ,   189.041260     ,   189.409454    
   498.877930     ,   189.409454     ,   189.778305    
   500.382599     ,   189.778305     ,   190.148071    
   501.592407     ,   190.148071     ,   190.518402    
   502.727692     ,   190.518402     ,   190.889191    
   502.863678     ,   190.889191     ,   191.259262    
   504.348175     ,   191.259262     ,   191.630219    
   505.645630     ,   191.630219     ,   192.001831    
   507.472595     ,   192.001831     ,   192.374725    
   508.145081     ,   192.374725     ,   192.747528    
   509.303131     ,   192.747528     ,   193.120819    
   509.588470     ,   193.120819     ,   193.493576    
   510.715729     ,   193.493576     ,   193.866776    
   511.451050     ,   193.866776     ,   194.239960    
   512.893188     ,   194.239960     ,   194.613968    
   513.241150     ,   194.613968     ,   194.987503    
   514.747742     ,   194.987503     ,   195.361923    
   515.975891     ,   195.361923     ,   195.736908    
   516.643250     ,   195.736908     ,   196.111801    
   517.481812     ,   196.111801     ,   196.486801    
   518.983582     ,   196.486801     ,   196.862671    
   519.375427     ,   196.862671     ,   197.238129    
   520.017944     ,   197.238129     ,   197.613449    
   521.542480     ,   197.613449     ,   197.989670    
   523.054993     ,   197.989670     ,   198.366776    
   523.054993     ,   198.366776     ,   198.743011    
   523.807678     ,   198.743011     ,   199.119247    
   523.988892     ,   199.119247     ,   199.494812    
   524.537109     ,   199.494812     ,   199.870148    
   525.820923     ,   199.870148     ,   200.246094    
   526.796021     ,   200.246094     ,   200.622299    
   527.602722     ,   200.622299     ,   200.998566    
   528.549500     ,   200.998566     ,   201.375061    
   529.673096     ,   201.375061     ,   201.751984    
   531.332764     ,   201.751984     ,   202.129944    
   532.499207     ,   202.129944     ,   202.508377    
   533.975586     ,   202.508377     ,   202.887634    
   534.305359     ,   202.887634     ,   203.266403    
   536.237732     ,   203.266403     ,   203.646515    
   536.990417     ,   203.646515     ,   204.026611    
   537.942627     ,   204.026611     ,   204.406921    
   539.156616     ,   204.406921     ,   204.787750    
   539.546204     ,   204.787750     ,   205.168152    
   539.924500     ,   205.168152     ,   205.548126    
   540.351257     ,   205.548126     ,   205.927719    
   541.384155     ,   205.927719     ,   206.307617    
   543.699707     ,   206.307617     ,   206.689285    
   543.781616     ,   206.689285     ,   207.070175    
   544.459778     ,   207.070175     ,   207.450974    
   545.197693     ,   207.450974     ,   207.831741    
   547.035278     ,   207.831741     ,   208.213730    
   548.028259     ,   208.213730     ,   208.595978    
   548.989380     ,   208.595978     ,   208.978439    
   550.174133     ,   208.978439     ,   209.361374    
   551.015625     ,   209.361374     ,   209.744400    
   551.077332     ,   209.744400     ,   210.126633    
   551.788940     ,   210.126633     ,   210.508804    
   552.212708     ,   210.508804     ,   210.890594    
   553.433289     ,   210.890594     ,   211.272903    
   555.483582     ,   211.272903     ,   211.656631    
   556.826965     ,   211.656631     ,   212.041016    
   556.976807     ,   212.041016     ,   212.424698    
   557.576172     ,   212.424698     ,   212.808197    
   559.372375     ,   212.808197     ,   213.192841    
   560.803467     ,   213.192841     ,   213.578217    
   562.393738     ,   213.578217     ,   213.964508    
   563.249329     ,   213.964508     ,   214.350891    
   563.438293     ,   214.350891     ,   214.736618    
   564.688110     ,   214.736618     ,   215.122879    
   566.087341     ,   215.122879     ,   215.509827    
   567.934448     ,   215.509827     ,   215.897964    
   568.887634     ,   215.897964     ,   216.286285    
   570.546021     ,   216.286285     ,   216.675583    
   571.696228     ,   216.675583     ,   217.065292    
   572.346741     ,   217.065292     ,   217.454849    
   574.434265     ,   217.454849     ,   217.845840    
   576.347839     ,   217.845840     ,   218.238068    
   577.441162     ,   218.238068     ,   218.630646    
   577.917969     ,   218.630646     ,   219.022888    
   579.009155     ,   219.022888     ,   219.415451    
   579.413879     ,   219.415451     ,   219.807602    
   580.963074     ,   219.807602     ,   220.200592    
   582.754761     ,   220.200592     ,   220.594666    
   583.301453     ,   220.594666     ,   220.988480    
   585.802856     ,   220.988480     ,   221.384155    
   586.023376     ,   221.384155     ,   221.779221    
   587.152832     ,   221.779221     ,   222.174652    
   588.697083     ,   222.174652     ,   222.570892    
   590.372681     ,   222.570892     ,   222.968094    
   591.168701     ,   222.968094     ,   223.365295    
   592.267517     ,   223.365295     ,   223.762817    
   594.463074     ,   223.762817     ,   224.161850    
   596.491455     ,   224.161850     ,   224.562210    
   598.201843     ,   224.562210     ,   224.963547    
   599.966492     ,   224.963547     ,   225.365906    
   600.298401     ,   225.365906     ,   225.767761    
   601.088928     ,   225.767761     ,   226.169601    
   602.360718     ,   226.169601     ,   226.571945    
   603.757202     ,   226.571945     ,   226.974915    
   605.118347     ,   226.974915     ,   227.378479    
   606.624084     ,   227.378479     ,   227.782791    
   608.104675     ,   227.782791     ,   228.187820    
   609.692322     ,   228.187820     ,   228.593674    
   610.090454     ,   228.593674     ,   228.999084    
   611.279236     ,   228.999084     ,   229.404907    
   612.020081     ,   229.404907     ,   229.810654    
   612.082336     ,   229.810654     ,   230.215607    
   613.663757     ,   230.215607     ,   230.621368    
   613.786926     ,   230.621368     ,   231.026413    
   614.784851     ,   231.026413     ,   231.431656    
   615.785217     ,   231.431656     ,   231.837097    
   617.485779     ,   231.837097     ,   232.243469    
   619.977478     ,   232.243469     ,   232.651611    
   621.634460     ,   232.651611     ,   233.060638    
   623.534546     ,   233.060638     ,   233.470795    
   624.081482     ,   233.470795     ,   233.880676    
   625.326416     ,   233.880676     ,   234.291000    
   625.802368     ,   234.291000     ,   234.700958    
   627.570190     ,   234.700958     ,   235.111908    
   629.150696     ,   235.111908     ,   235.523651    
   631.243896     ,   235.523651     ,   235.936722    
   632.531433     ,   235.936722     ,   236.350266    
   633.791687     ,   236.350266     ,   236.764267    
   634.546814     ,   236.764267     ,   237.178192    
   637.323364     ,   237.178192     ,   237.594147    
   639.515991     ,   237.594147     ,   238.011505    
   640.636536     ,   238.011505     ,   238.429169    
   642.506226     ,   238.429169     ,   238.847900    
   644.548828     ,   238.847900     ,   239.267883    
   646.711487     ,   239.267883     ,   239.689224    
   647.394287     ,   239.689224     ,   240.110413    
   648.877930     ,   240.110413     ,   240.532257    
   650.987671     ,   240.532257     ,   240.955414    
   650.825745     ,   240.955414     ,   241.377533    
   652.578918     ,   241.377533     ,   241.800583    
   653.308655     ,   241.800583     ,   242.223511    
   654.362793     ,   242.223511     ,   242.646652    
   654.879883     ,   242.646652     ,   243.069458    
   656.202698     ,   243.069458     ,   243.492752    
   657.097107     ,   243.492752     ,   243.916092    
   658.799744     ,   243.916092     ,   244.340302    
   660.467834     ,   244.340302     ,   244.765350    
   662.287354     ,   244.765350     ,   245.191391    
   663.401672     ,   245.191391     ,   245.617706    
   665.903870     ,   245.617706     ,   246.045700    
   667.768616     ,   246.045700     ,   246.474716    
   670.183655     ,   246.474716     ,   246.905319    
   671.912842     ,   246.905319     ,   247.336792    
   673.628479     ,   247.336792     ,   247.769135    
   674.827271     ,   247.769135     ,   248.201813    
   676.361755     ,   248.201813     ,   248.635178    
   676.722107     ,   248.635178     ,   249.068024    
   678.860352     ,   249.068024     ,   249.502151    
   679.719238     ,   249.502151     ,   249.936279    
   681.099731     ,   249.936279     ,   250.370926    
   682.322266     ,   250.370926     ,   250.805923    
   682.786926     ,   250.805923     ,   251.240509    
   684.889771     ,   251.240509     ,   251.676331    
   686.851440     ,   251.676331     ,   252.113251    
   687.041260     ,   252.113251     ,   252.549484    
   688.816956     ,   252.549484     ,   252.986633    
   690.093567     ,   252.986633     ,   253.424179    
   691.904175     ,   253.424179     ,   253.862656    
   693.306091     ,   0.00000000     ,  0.692613482    
